Workbook

Sheet Bewertung
A1: Bewertung der Datenschutzprozesse nach DSGVO
A3: Die Datenschutzbewertungstabelle vermittelt einen schnellen Überblick über den Stand des Datenschutzes im Unternehmen, denn sie zeigt in einer grafischen Übersicht
A4: den Erfüllungsgrad für jeden einzelnen Datenschutzprozess.
A5: Die Bewertungstabelle kann als Anlage zum Datenschutzbericht des Datenschutzbeauftragten an die Geschäftsleitung verwendet werden. Der Geschäftsleitung werden
A6: in einer verbindlichen Form der Stand des Datenschutzes vermittelt und eventuelle Handlungsbedarfe aufgezeigt.
A7: In einem Vergleich über einen längeren Zeitraum wird auch die Entwicklung des Datenschutzes erkennbar.
A9: Zweckmäßig ist die Abstimmung des Erfüllungsgrades der einzelnen Kriterien mit den Prozessverantwortlichen bereits bei der Erhebung bzw. den laufenden Kontrollen
A10: der Datenschutzprozesse. Auf diese Weise werden spätere Diskussionen mit den Fachverantwortlichen vermieden und die Ergebnisse der Bewertungen in der Tabelle
A11: sind belastbar. Sie können auf diese Weise sofort als Beleg- und Nachweisdokument nicht nur für die Durchführung der Erhebungen und Kontrollen, sondern auch für die
A12: Erfüllung der Datenschutzanforderungen dienen.
A13: Dies schließt natürlich nicht aus, dass der Datenschutzbeauftragte auch von der Position der Fachbereichsverantwortlichen abweichende Positionen vertritt und Maßnah-
A14: men bzw. Korrekturen der Verarbeitungsprozesse fordert. Der Vorteil dieser Vorgehensweise liegt darin, evtl. bereits abgestimmte Lösungsvorschläge aufgezeigt werden
... A36: übernommen. Diese errechnet dann für jeden Datenschutzprozess den prozentualen Erfüllungsgrad und erzeugt eine grafische Auswertung in Tabellenblatt „Grafik“.
A38: Prozess / Thema | B38: Hauptthema | C38: Zu überprüfende Maßnahme | D38: Trifft zu | E38: Erfüllungsgrad | F38: Bemerkungen | G38: Punkte Ist | H38: Punkte Soll
A39: Management- Strategien zum Datenschutz | B39: Abdeckungsgrad des Datenschutz-managements | C39: Sind Anforderungen des Datenschutzmanagements durch ein QM-System nach DIN/ISO 9000 abgedeckt? | G39: =D39*E39 -> 0 | H39: =D39*4 -> 0
C40: Sind Anforderungen des Datenschutzmanagements durch ein IT-Sicherheitsmanagementsystem (z.B. ISO/IEC 27001) abgedeckt? | G40: =D40*E40 -> 0 | H40: =D40*4 -> 0
C41: Sind Anforderungen des Datenschutzmanagements durch andere Management-/Kontrollsysteme (z.B. Internes Kontrollsystem - IKS, SOX etc.) abgedeckt? | G41: =D41*E41 -> 0 | H41: =D41*4 -> 0
B42: Datenschutzziele und Strategien | C42: Sind die Managementanforderungen des Datenschutzes (Datenschutzziele und Strategien etc.) erfüllt? | G42: =D42*E42 -> 0 | H42: =D42*4 -> 0
A43: Summe | G43: =SUM(G39:G42) -> 0 | H43: =SUM(H39:H42) -> 0
A44: Melde- und Informationspflicht bei Datenschutz-verletzungen | C44: Ist ein geregelter Prozess zur Melde- und Informationspflicht mit Festlegung der Prozessverantwortlichen eingerichtet? | G44: =D44*E44 -> 0 | H44: =D44*4 -> 0
C45: Ist die Beteiligung des betrieblichen Datenschutzbeauftragten geregelt? | G45: =D45*E45 -> 0 | H45: =D45*4 -> 0
C46: Ist ein Verfahren zur Beurteilung des Risikos für die Rechte und Freiheiten der Betroffenen geregelt, z.B. mit einem Prüf- und Dokumentationsformular? | G46: =D46*E46 -> 0 | H46: =D46*4 -> 0
C47: Ist bei Auftragsdatenverarbeitern die Meldung an den Auftraggeber geregelt? | G47: =D47*E47 -> 0 | H47: =D47*4 -> 0
C48: Sind Form, Inhalt und Verfahren der Meldung an die Aufsichtsbehörde und zur Unterrichtung der Betroffenen geregelt? | G48: =D48*E48 -> 0 | H48: =D48*4 -> 0
C49: Ist die Dokumentation von Art, Umfang, Ausmaß und Risiko der Datenschutzverletzung geregelt? | G49: =D49*E49 -> 0 | H49: =D49*4 -> 0
C50: Ist ein Verfahren zur Beurteilung der Informations-pflicht an die Betroffenen eingerichtet? | G50: =D50*E50 -> 0 | H50: =D50*4 -> 0
C51: Ist ein Verfahren zur sicherheitstechnischen Behandlung der Vorfälle (Analyse, Fehler-beseitigung, Vorbeugungsmaßnahmen und Dokumentation) eingerichtet? | G51: =D51*E51 -> 0 | H51: =D51*4 -> 0
A52: Summe | G52: =SUM(G44:G51) -> 0 | H52: =SUM(H44:H51) -> 0
A53: Bestellung eines Datenschutz-beauftragten | B53: Bestellung prüfen | C53: Ist die Bestellpflicht eines Datenschutzbeauftragten geprüft und entschieden? | G53: =D53*E53 -> 0 | H53: =D53*4 -> 0
C54: Ist ein Datenschutzbeauftragter bestellt? | G54: =D54*E54 -> 0 | H54: =D54*4 -> 0
C55: Ist im Falle einer Nichtbestellung die Wahrnehmung der Datenschutzaufgaben auf andere Weise gewährleistet? | G55: =D55*E55 -> 0 | H55: =D55*4 -> 0
C56: Sind die Rechte, Unabhängigkeit und Weisungsfreiheit des Datenschutzbeauftragten geregelt und gewährleistet? | G56: =D56*E56 -> 0 | H56: =D56*4 -> 0
C57: Sind die internen und externen Aufgaben des Datenschutzbeauftragten schriftlich und klar geregelt? | G57: =D57*E57 -> 0 | H57: =D57*4 -> 0
C58: Ist die organistorische Einbindung des Datenschutzbeauftragten geregelt? | G58: =D58*E58 -> 0 | H58: =D58*4 -> 0
C59: Sind die Kontaktdaten des Datenschutz-beauftragten veröffentlicht? | G59: =D59*E59 -> 0 | H59: =D59*4 -> 0
C60: Sind die Kontaktdaten des Datenschutz-beauftragten der Aufsichtsbehörde gemeldet? | G60: =D60*E60 -> 0 | H60: =D60*4 -> 0
A61: Summe | G61: =SUM(G53:G60) -> 0 | H61: =SUM(H53:H60) -> 0
A62: Übersicht über Verarbeitungs-tätigkeiten | C62: Ist die Verpflichtung zur Führung einer Übersicht über die Verarbeitungstätigkeiten geprüft und ggf. eine Übersicht über diese angelegt? | G62: =D62*E62 -> 0 | H62: =D62*4 -> 0
C63: Ist die Verantwortlichkeit für die Führung des Verzeichnisses über die Verarbeitungstätigkeiten geregelt? | G63: =D63*E63 -> 0 | H63: =D63*4 -> 0
C64: Ist die Übersicht über die Verarbeitungstätigkeiten hinsichtlich der vorgeschriebenen Inhalte aktuell? | G64: =D64*E64 -> 0 | H64: =D64*4 -> 0
C65: Sind die technischen und organisatorischen Maßnahmen zur Gewährleistung eines angemessenen Schutzniveaus beschrieben? | G65: =D65*E65 -> 0 | H65: =D65*4 -> 0
C66: Ist eine regelmäßige Kontrolle der Verabeitungs-übersicht geregelt, ggf. in welcher Weise? | G66: =D66*E66 -> 0 | H66: =D66*4 -> 0
A67: Summe | G67: =SUM(G62:G66) -> 0 | H67: =SUM(H62:H66) -> 0
A68: Grundsätze der Verarbeitung | B68: Rechtmäßigkeit und Zwecke | C68: Wird die Rechtmäßigkeit der Verarbeitung und Verarbeitung für ausschließlich festgelegte, eindeutige und rechtmäßige Zwecke beachtet und geprüft? | G68: =D68*E68 -> 0 | H68: =D68*4 -> 0
C69: Werden Daten auch für andere Zwecke verarbeitet und wird die Vereinbarkeit mit dem ursprünglichen Zweck beachtet? | G69: =D69*E69 -> 0 | H69: =D69*4 -> 0
C70: Sind die Daten aktuell, sachlich richtig, den Zwecken angemessen und auf das Notwendige beschränkt? | G70: =D70*E70 -> 0 | H70: =D70*4 -> 0
C71: Ist die Speicherung des Personenbezugs nur für die Dauer der Zweckerreichung beschränkt und sind die Aufbewahrungsfristen geregelt? | G71: =D71*E71 -> 0 | H71: =D71*4 -> 0
C72: Werden die Daten nach Ablauf der Speicherfristen regelmäßig gelöscht bzw. vernichtet und ist das Verfahren geregelt? | G72: =D72*E72 -> 0 | H72: =D72*4 -> 0
B73: Technische und organisatorische Maßnahmen | C73: Werden Einrichtung, Aktualität und Eignung der zur Sicherheit der Daten eingerichteten technischen und organisatorischen Maßnahmen regelmäßig geprüft? | G73: =D73*E73 -> 0 | H73: =D73*4 -> 0
C74: Sind bei Speicherung im öffentlichen Interesse, für wissenschaftliche, historische und statistische Zwecke geeignete technische und organisatorische Maßnahmen eingerichtet und dokumentiert? | G74: =D74*E74 -> 0 | H74: =D74*4 -> 0
B75: Beschränkungen | C75: Werden ggf. Beschränkungen i. S. v. Art. 23 DSGVO beachtet? | G75: =D75*E75 -> 0 | H75: =D75*4 -> 0
A76: Summe | G76: =SUM(G68:G75) -> 0 | H76: =SUM(H68:H75) -> 0
A77: Rechtmäßigkeit der Verarbeitung | B77: Rechtsgrundlagen | C77: Sind Rechtsgrundlagen für die Verarbeitung vorhanden und dokumentiert? | G77: =D77*E77 -> 0 | H77: =D77*4 -> 0
C78: Werden ggf. erforderliche Einwilligungen nachweisbar dokumentiert? | G78: =D78*E78 -> 0 | H78: =D78*4 -> 0
B79: Zweckänderungen | C79: Werden bei Zweckänderungen die Rechtsgrundlagen für die Zweckänderung geprüft und dokumentiert? | G79: =D79*E79 -> 0 | H79: =D79*4 -> 0
C80: Sind bei Zweckänderungen evtl. erforderliche Einwilligungen vorhanden und dokumentiert? | G80: =D80*E80 -> 0 | H80: =D80*4 -> 0
A81: Summe | G81: =SUM(G77:G80) -> 0 | H81: =SUM(H77:H80) -> 0
A82: Rechte der Betroffenen | B82: Verfahren zur Rechteerfüllung | C82: Ist ein Verfahren zur Erfüllung der Rechte der Betroffenen, zur Behandlung von deren Beschwerden und zur Beteiligung des Datenschutzbeauftragten eingerichtet und sind die Beschäftigten in das Verfahren eingewiesen? | G82: =D82*E82 -> 0 | H82: =D82*4 -> 0
B83: Recht auf Auskunft | C83: Ist die Auskunftserteilung und das Zurverfügungstellen der Auskunft durch ein geregeltes Verfahren sichergestellt? | G83: =D83*E83 -> 0 | H83: =D83*4 -> 0
C84: Ist das Verfahren bei einer Auskunftsverweigerung geregelt? | G84: =D84*E84 -> 0 | H84: =D84*4 -> 0
C85: Ist die Information der Betroffenen bei einer Datenerhebung von anderen Stellen geregelt? | G85: =D85*E85 -> 0 | H85: =D85*4 -> 0
B86: Recht auf Berichtigung | C86: Sind die Berichtigung von Daten und ggf. die Benachrichtigung von Empfängern sowie das Verfahren nach der DSGVO geregelt? | G86: =D86*E86 -> 0 | H86: =D86*4 -> 0
B87: Recht auf Löschung | C87: Ist zur Wahrnehmung des Rechts auf Löschung/Vergessenwerden ein Verfahren eingereichtet und sind die Besonderheiten und Ausnahmen geregelt? | G87: =D87*E87 -> 0 | H87: =D87*4 -> 0
C88: Sind die Speicher- und Aufbewahrungsfristen für Daten geregelt? | G88: =D88*E88 -> 0 | H88: =D88*4 -> 0
B89: Recht auf Einschränkung der Verarbeitung | C89: Ist für das Recht auf Einschränkung der Verarbeitung ein Verfahren eingerichtet und sind die Einzelheiten des Rechts auf Einschränkung der Verarbeitung geregelt? | G89: =D89*E89 -> 0 | H89: =D89*4 -> 0
B90: Recht auf Daten-übertragbarkeit | C90: Ist die Übertragbarkeit von Daten durch ein geregeltes Verfahren sichergestellt? | G90: =D90*E90 -> 0 | H90: =D90*4 -> 0
B91: Widerspruchsrecht | C91: Ist die Information über das Recht auf Widerspruch und deren Dokumentation sowie die Beachtung von Widersprüchen geregelt und sichergestellt? | G91: =D91*E91 -> 0 | H91: =D91*4 -> 0
B92: Verfahrensvorschrif-ten zur Ausübung der Rechte | C92: Ist die Beachtung der Verfahrensvorschriften für die Erfüllung der Betroffenenrechte gewährleistet? | G92: =D92*E92 -> 0 | H92: =D92*4 -> 0
A93: Summe | G93: =SUM(G82:G92) -> 0 | H93: =SUM(H82:H92) -> 0
A94: Verarbeitung von besonderen Datenarten | B94: Rechtsgrundlagen, Einwilligungen | C94: Werden die Voraussetzungen für die Verarbeitung von besonderen Datenarten beachtet und ggf. erforderliche Einwilligungen eingeholt? | G94: =D94*E94 -> 0 | H94: =D94*4 -> 0
A95: Summe | G95: =SUM(G94) -> 0 | H95: =SUM(H94) -> 0
A96: Nicht identifizierbare Personen | B96: Dauer der Identifizierbarkeit | C96: Ist die Dauer der Identifizierbarkeit auf den erforderlichen Zeitram begrenzt und werden nicht mehr erforderliche Identifizierungsdaten regelmäßig gelöscht? | G96: =D96*E96 -> 0 | H96: =D96*4 -> 0
C97: Wird ggf. die Nichtidentifizierbarkeit festgestellt und der Betroffene soweit möglich unterrichtet, z.B. über eine Funktionsadresse? | G97: =D97*E97 -> 0 | H97: =D97*4 -> 0
A98: Summe | G98: =SUM(G96:G97) -> 0 | H98: =SUM(H96:H97) -> 0
A99: Information der Betroffenen | B99: Datenerhebung vom Betroffenen | C99: Sind alle informationspflichtigen Datenerhebungsvorgänge identifiziert? | G99: =D99*E99 -> 0 | H99: =D99*4 -> 0
C100: Sind die Information der Betroffenen und die Ausnahmen von der Informartionspflicht geregelt und werden die Betroffenen nachweisbar informiert? | G100: =D100*E100 -> 0 | H100: =D100*4 -> 0
C101: Ist die Information der Betroffenen auch bei einer Weiterverarbeitung der Daten für andere Zuwecke geregelt? | G101: =D101*E101 -> 0 | H101: =D101*4 -> 0
B102: Datenerhebung von anderen Stellen | C102: Sind alle informationspflichtigen Datenerhebungs-vorgänge von anderen Stellen identifiziert? | G102: =D102*E102 -> 0 | H102: =D102*4 -> 0
C103: Sind die Information der Betroffenen und die Ausnahmen von der Informartionspflicht geregelt und werden die Betroffenen nachweisbar informiert? | G103: =D103*E103 -> 0 | H103: =D103*4 -> 0
C104: Ist die Zulässigkeit von Zweckänderungen geregelt und wird die Zulässigkeit geprüft und dokumentiert? | G104: =D104*E104 -> 0 | H104: =D104*4 -> 0
A105: Summe | G105: =SUM(G99:G104) -> 0 | H105: =SUM(H99:H104) -> 0
A106: Automatisierte Einzelentscheidung und Profiling | B106: Grundsätzliche Regelungen | C106: Ist das Verfahren zu automatisierten Einzelentscheidungen und Profiling einschließlich der Ausnahmen gem. § 37 BDSG-neu geregelt? | G106: =D106*E106 -> 0 | H106: =D106*4 -> 0
C107: Werden ggf. erforderliche Einwilligungen eingeholt und nachweisbar dokumentiert? | G107: =D107*E107 -> 0 | H107: =D107*4 -> 0
B108: Besondere Datenarten | C108: Ist ggf. das Verfahren zur Verarbeitung von besonderen Datenarten für automatisierte Einzelentscheidungen und Profiling geregelt? | G108: =D108*E108 -> 0 | H108: =D108*4 -> 0
C109: Sind angemessene Maßnahmen zum Schutz der Rechte und Freiheiten der Betroffenen eingerichtet und dokumentiert? | G109: =D109*E109 -> 0 | H109: =D109*4 -> 0
C110: Werden ggf. erforderliche Einwilligungen zur Verarbeitung von besonderen Datenarten eingeholt und nachweisbar dokumentiert? | G110: =D110*E110 -> 0 | H110: =D110*4 -> 0
A111: Summe | G111: =SUM(G106:G110) -> 0 | H111: =SUM(H106:H110) -> 0
A112: Gemeinsam Verantwortliche und Auftragsverarbeiter | B112: Gemeinsam Verantwortliche | C112: Sind die erforderlichen Vereinbarungen abgeschlossen? | G112: =D112*E112 -> 0 | H112: =D112*4 -> 0
C113: Ist die Wahrnehmung der Rechte der Betroffenen geregelt (Anlaufstelle, Einsichtsrechte, Verfügbarkeit der Unterlagen zur Einsichtnahme)? | G113: =D113*E113 -> 0 | H113: =D113*4 -> 0
C114: Sind ggf. die erforderlichen Drittstaaten-regelungen getroffen? | G114: =D114*E114 -> 0 | H114: =D114*4 -> 0
B115: Auftrags-verarbeitungen | C115: Ist das Verfahren für die Auftragsvergabe und den Abschluss von Verträgen einschließlich deren Inhalte geregelt? | G115: =D115*E115 -> 0 | H115: =D115*4 -> 0
C116: Sind die erforderlichen Verträge mit den vorgeschriebenen Regelungen abgeschlosssen? | G116: =D116*E116 -> 0 | H116: =D116*4 -> 0
C117: Sind die Auftragsverarbeitungen dokumentiert und ist ein Verfahren zur laufenden Kontrolle der Auftragnehmer und eventueller Unter-auftragnehmer geregelt? | G117: =D117*E117 -> 0 | H117: =D117*4 -> 0
C118: Sind ggf. die erforderlichen Drittstaaten-regelungen getroffen? | G118: =D118*E118 -> 0 | H118: =D118*4 -> 0
A119: Summe | G119: =SUM(G112:G118) -> 0 | H119: =SUM(H112:H118) -> 0
A120: Verarbeitung von Personaldaten | B120: Allgemeine Regelungen | C120: Werden die Rechte der Beschäftigten auf Information, Auskunft etc. beachtet? | G120: =D120*E120 -> 0 | H120: =D120*4 -> 0
C121: Ist das Verfahren hinsichtlich der Rechte der Betroffenen geregelt? | G121: =D121*E121 -> 0 | H121: =D121*4 -> 0
C122: Werden bei einer Verarbeitung von Personaldaten auf der Grundlage von Einwilligungen die Anforderungen an eine rechtswirksame Einwilligung erfüllt? | G122: =D122*E122 -> 0 | H122: =D122*4 -> 0
C123: Werden die Vorschriften zur Mitbestimmung beachtet? | G123: =D123*E123 -> 0 | H123: =D123*4 -> 0
C124: Ist das Verfahren zur Aufdeckung von Straftaten im Beschäftigungsverhältnis geregelt? | G124: =D124*E124 -> 0 | H124: =D124*4 -> 0
...

Sheet Erfüllungsgrad
A1: Erfüllung der rechtlichen Anforderungen der DSGVO
A2: und der eingerichteten Datenschutzprozesse
A4: Prozess / Thema | B4: Sollwert in % | C4: Istwert in % | D4: Sollwert | E4: Istwert
A5: Datenschutzmanagement, Strategien zum Datenschutz | B5: 100 | C5: =IF(ISERROR(E5*100/D5),"trifft nicht zu",(E5*100/D5)) -> trifft nicht zu | D5: =Bewertung!H43 -> 0 | E5: =Bewertung!G43 -> 0
A6: Melde- und Informationspflicht bei Datenschutzverletzungen | B6: 100 | C6: =IF(ISERROR(E6*100/D6),"trifft nicht zu",(E6*100/D6)) -> trifft nicht zu | D6: =Bewertung!H52 -> 0 | E6: =Bewertung!G52 -> 0
A7: Bestellung eines Datenschutzbeauftragten | B7: 100 | C7: =IF(ISERROR(E7*100/D7),"trifft nicht zu",(E7*100/D7)) -> trifft nicht zu | D7: =Bewertung!H61 -> 0 | E7: =Bewertung!G61 -> 0
A8: Übersicht über Verarbeitungstätigkeiten | B8: 100 | C8: =IF(ISERROR(E8*100/D8),"trifft nicht zu",(E8*100/D8)) -> trifft nicht zu | D8: =Bewertung!H67 -> 0 | E8: =Bewertung!G67 -> 0
A9: Grundsätze der Datenverarbeitung | B9: 100 | C9: =IF(ISERROR(E9*100/D9),"trifft nicht zu",(E9*100/D9)) -> trifft nicht zu | D9: =Bewertung!H76 -> 0 | E9: =Bewertung!G76 -> 0
A10: Rechtmäßigkeit der Verarbeitung | B10: 100 | C10: =IF(ISERROR(E10*100/D10),"trifft nicht zu",(E10*100/D10)) -> trifft nicht zu | D10: =Bewertung!H81 -> 0 | E10: =Bewertung!G81 -> 0
A11: Rechte der Betroffenen | B11: 100 | C11: =IF(ISERROR(E11*100/D11),"trifft nicht zu",(E11*100/D11)) -> trifft nicht zu | D11: =Bewertung!H93 -> 0 | E11: =Bewertung!G93 -> 0
A12: Verarbeitung von besonderen Datenarten | B12: 100 | C12: =IF(ISERROR(E12*100/D12),"trifft nicht zu",(E12*100/D12)) -> trifft nicht zu | D12: =Bewertung!H95 -> 0 | E12: =Bewertung!G95 -> 0
A13: Nichtidentifizierbare Personen | B13: 100 | C13: =IF(ISERROR(E13*100/D13),"trifft nicht zu",(E13*100/D13)) -> trifft nicht zu | D13: =Bewertung!H98 -> 0 | E13: =Bewertung!G98 -> 0
A14: Information der Betroffenen | B14: 100 | C14: =IF(ISERROR(E14*100/D14),"trifft nicht zu",(E14*100/D14)) -> trifft nicht zu | D14: =Bewertung!H105 -> 0 | E14: =Bewertung!G105 -> 0
A15: Automatisierte Einzelentscheidung und Profiling | B15: 100 | C15: =IF(ISERROR(E15*100/D15),"trifft nicht zu",(E15*100/D15)) -> trifft nicht zu | D15: =Bewertung!H111 -> 0 | E15: =Bewertung!G111 -> 0
A16: Gemeinsam Verantwortliche und Auftrgsdatenverarbeiter | B16: 100 | C16: =IF(ISERROR(E16*100/D16),"trifft nicht zu",(E16*100/D16)) -> trifft nicht zu | D16: =Bewertung!H119 -> 0 | E16: =Bewertung!G119 -> 0
A17: Veararbeitung von Personaldaten | B17: 100 | C17: =IF(ISERROR(E17*100/D17),"trifft nicht zu",(E17*100/D17)) -> trifft nicht zu | D17: =Bewertung!H143 -> 0 | E17: =Bewertung!G143 -> 0
A18: Nutzung von Kundendaten für Werbung | B18: 100 | C18: =IF(ISERROR(E18*100/D18),"trifft nicht zu",(E18*100/D18)) -> trifft nicht zu | D18: =Bewertung!H162 -> 0 | E18: =Bewertung!G162 -> 0
A19: Einwilligungen | B19: 100 | C19: =IF(ISERROR(E19*100/D19),"trifft nicht zu",(E19*100/D19)) -> trifft nicht zu | D19: =Bewertung!H169 -> 0 | E19: =Bewertung!G169 -> 0
A20: Scoring, Bonitätsauskünfte | B20: 100 | C20: =IF(ISERROR(E20*100/D20),"trifft nicht zu",(E20*100/D20)) -> trifft nicht zu | D20: =Bewertung!H174 -> 0 | E20: =Bewertung!G174 -> 0
A21: Datenübermittlung in Drittländer | B21: 100 | C21: =IF(ISERROR(E21*100/D21),"trifft nicht zu",(E21*100/D21)) -> trifft nicht zu | D21: =Bewertung!H180 -> 0 | E21: =Bewertung!G180 -> 0
A22: Risiko- und Schutzbedarfsermittlung Datenschutzfolgenabschätzung | B22: 100 | C22: =IF(ISERROR(E22*100/D22),"trifft nicht zu",(E22*100/D22)) -> trifft nicht zu | D22: =Bewertung!H183 -> 0 | E22: =Bewertung!G183 -> 0

Sheet Grafik
